{
  "hash": "2b13f11c",
  "configHash": "34e09bdd",
  "lockfileHash": "9218d96d",
  "browserHash": "c77c2dc5",
  "optimized": {
    "@angular/core": {
      "src": "../../../../../../node_modules/@angular/core/fesm2022/core.mjs",
      "file": "@angular_core.js",
      "fileHash": "2e60e53e",
      "needsInterop": false
    },
    "@angular/platform-browser": {
      "src": "../../../../../../node_modules/@angular/platform-browser/fesm2022/platform-browser.mjs",
      "file": "@angular_platform-browser.js",
      "fileHash": "34945a16",
      "needsInterop": false
    },
    "@angular/router": {
      "src": "../../../../../../node_modules/@angular/router/fesm2022/router.mjs",
      "file": "@angular_router.js",
      "fileHash": "34ccaaef",
      "needsInterop": false
    }
  },
  "chunks": {
    "chunk-N7MHBX4T": {
      "file": "chunk-N7MHBX4T.js"
    },
    "chunk-NBQSA3VV": {
      "file": "chunk-NBQSA3VV.js"
    }
  }
}